year,grade,n,defaults,dr
1999,1,5,0.0,0.0
1999,2,386,0.0,0.0
1999,3,2923,0.0,0.0
1999,4,8575,5.0,0.0005830903790087463
1999,5,13997,14.0,0.0010002143316424949
1999,6,10161,47.0,0.004625528983367779
1999,7,2261,22.0,0.009730207872622734
1999,8,321,10.0,0.03115264797507788
1999,9,168,4.0,0.023809523809523808
1999,10,150,20.0,0.13333333333333333
1999,11,108,29.0,0.26851851851851855
2000,1,9,0.0,0.0
2000,2,519,0.0,0.0
2000,3,4060,3.0,0.0007389162561576355
2000,4,14401,14.0,0.0009721547114783695
2000,5,28527,59.0,0.0020682160759981773
2000,6,26545,167.0,0.006291203616500283
2000,7,7974,109.0,0.013669425633308252
2000,8,1393,38.0,0.027279253409906678
2000,9,830,52.0,0.06265060240963856
2000,10,654,84.0,0.12844036697247707
2000,11,681,226.0,0.33186490455212925
2001,1,22,0.0,0.0
2001,2,946,0.0,0.0
2001,3,6067,1.0,0.00016482610845557937
2001,4,18514,8.0,0.0004321054337258291
2001,5,32924,58.0,0.0017616328514153809
2001,6,30520,161.0,0.005275229357798165
2001,7,10359,124.0,0.011970267400328216
2001,8,2269,74.0,0.03261348611723226
2001,9,1499,78.0,0.05203468979319546
2001,10,1094,127.0,0.11608775137111517
2001,11,1256,377.0,0.3001592356687898
2002,1,120,0.0,0.0
2002,2,2193,1.0,0.00045599635202918376
2002,3,9561,5.0,0.0005229578495973225
2002,4,22389,13.0,0.0005806422796909197
2002,5,33847,52.0,0.0015363252282329304
2002,6,30119,169.0,0.005611076064942395
2002,7,10527,128.0,0.012159209651372661
2002,8,2395,61.0,0.02546972860125261
2002,9,1646,89.0,0.05407047387606318
2002,10,1104,146.0,0.1322463768115942
2002,11,1473,483.0,0.32790224032586557
2003,1,877,0.0,0.0
2003,2,5847,0.0,0.0
2003,3,14763,5.0,0.000338684549210865
2003,4,23283,9.0,0.00038654812524159255
2003,5,27098,34.0,0.0012547051442910915
2003,6,21053,110.0,0.005224908564100128
2003,7,7633,95.0,0.012445958338792086
2003,8,1896,52.0,0.027426160337552744
2003,9,1410,89.0,0.06312056737588652
2003,10,947,120.0,0.12671594508975711
2003,11,1328,438.0,0.32981927710843373
2004,1,962,0.0,0.0
2004,2,6612,2.0,0.00030248033877797946
2004,3,17818,7.0,0.00039286115164440454
2004,4,29913,30.0,0.0010029084344599338
2004,5,35251,79.0,0.0022410711752858074
2004,6,26226,143.0,0.005452604285823229
2004,7,8431,103.0,0.012216818882694817
2004,8,1940,47.0,0.02422680412371134
2004,9,1356,81.0,0.059734513274336286
2004,10,909,100.0,0.11001100110011001
2004,11,1141,371.0,0.32515337423312884
2005,1,985,0.0,0.0
2005,2,6987,0.0,0.0
2005,3,19692,6.0,0.0003046922608165753
2005,4,35363,17.0,0.0004807284449848712
2005,5,44865,63.0,0.0014042126379137413
2005,6,33947,151.0,0.0044481102895690345
2005,7,10431,85.0,0.008148787268718243
2005,8,2208,68.0,0.030797101449275364
2005,9,1562,93.0,0.05953905249679898
2005,10,1108,149.0,0.13447653429602888
2005,11,1292,381.0,0.2948916408668731
2006,1,1192,0.0,0.0
2006,2,7334,2.0,0.0002727024815925825
2006,3,19442,2.0,0.00010287007509515482
2006,4,36780,16.0,0.0004350190320826536
2006,5,53862,88.0,0.0016338049088411124
2006,6,47196,264.0,0.0055936943808797355
2006,7,15574,205.0,0.013162963914216001
2006,8,2819,112.0,0.039730400851365734
2006,9,1869,107.0,0.057249866238630286
2006,10,1384,206.0,0.14884393063583815
2006,11,1755,553.0,0.31509971509971507
2007,1,1339,0.0,0.0
2007,2,7687,0.0,0.0
2007,3,19893,4.0,0.0002010757552908058
2007,4,38191,36.0,0.0009426304626744521
2007,5,61039,207.0,0.003391274431101427
2007,6,59697,729.0,0.012211668928086838
2007,7,22008,719.0,0.03266993820428935
2007,8,3685,203.0,0.05508819538670285
2007,9,2521,219.0,0.08687028956763189
2007,10,1695,307.0,0.18112094395280237
2007,11,2483,1010.0,0.4067660088602497
2008,1,1569,1.0,0.0006373486297004461
2008,2,8855,2.0,0.00022586109542631282
2008,3,21771,28.0,0.001286114556060815
2008,4,42795,127.0,0.0029676364061222106
2008,5,67784,575.0,0.00848282780597191
2008,6,65482,1801.0,0.027503741486209952
2008,7,25404,1610.0,0.06337584632341363
2008,8,4316,501.0,0.11607970342910102
2008,9,2844,500.0,0.17580872011251758
2008,10,2181,674.0,0.30903255387436956
2008,11,4096,2312.0,0.564453125
2009,1,2242,1.0,0.00044603033006244426
2009,2,12813,6.0,0.0004682744088035589
2009,3,30899,25.0,0.0008090876727402181
2009,4,47147,114.0,0.0024179693299679725
2009,5,57199,459.0,0.0080246158149618
2009,6,54016,1176.0,0.02177132701421801
2009,7,22727,1029.0,0.045276543318519824
2009,8,4414,378.0,0.08563661078386951
2009,9,3372,424.0,0.1257413997627521
2009,10,2712,758.0,0.27949852507374634
2009,11,4974,2569.0,0.516485725774025
2010,1,3340,0.0,0.0
2010,2,15569,2.0,0.00012846040208105853
2010,3,36821,22.0,0.0005974851307677684
2010,4,53043,126.0,0.0023754312538883547
2010,5,52812,409.0,0.007744452018480648
2010,6,44645,931.0,0.020853399036846233
2010,7,19842,782.0,0.03941134966233242
2010,8,4284,296.0,0.06909430438842204
2010,9,3495,375.0,0.1072961373390558
2010,10,2978,585.0,0.1964405641370047
2010,11,4221,1849.0,0.4380478559583037
2011,1,5397,1.0,0.00018528812303131369
2011,2,19180,2.0,0.00010427528675703858
2011,3,40981,33.0,0.000805251213977209
2011,4,59457,153.0,0.0025732882587416114
2011,5,52835,432.0,0.008176398220876313
2011,6,38611,691.0,0.01789645437828598
2011,7,17863,605.0,0.03386889100375077
2011,8,4159,274.0,0.06588122144746333
2011,9,3180,323.0,0.10157232704402516
2011,10,2588,531.0,0.20517774343122103
2011,11,3768,1523.0,0.4041932059447983
2012,1,7428,2.0,0.00026925148088314486
2012,2,23623,7.0,0.00029632138170427127
2012,3,43450,28.0,0.0006444188722669735
2012,4,56935,131.0,0.002300869412487925
2012,5,48102,299.0,0.006215957756434244
2012,6,30033,433.0,0.014417474111810342
2012,7,13872,362.0,0.026095732410611302
2012,8,3491,178.0,0.05098825551417932
2012,9,2856,278.0,0.09733893557422969
2012,10,2208,426.0,0.19293478260869565
2012,11,3213,1230.0,0.3828197945845005
2013,1,8305,1.0,0.00012040939193257074
2013,2,26131,5.0,0.000191343614863572
2013,3,48942,32.0,0.0006538351518123493
2013,4,61519,128.0,0.00208065800809506
2013,5,46953,256.0,0.005452260771409707
2013,6,23484,273.0,0.011624936126724578
2013,7,10080,236.0,0.023412698412698413
2013,8,3083,162.0,0.05254622121310412
2013,9,2468,233.0,0.09440842787682334
2013,10,1937,333.0,0.17191533298915848
2013,11,2708,957.0,0.353397341211226
2014,1,8753,0.0,0.0
2014,2,26198,6.0,0.00022902511642110084
2014,3,52135,37.0,0.0007096959815862665
2014,4,73975,135.0,0.0018249408583981075
2014,5,56273,230.0,0.004087217670996748
2014,6,23036,254.0,0.011026219829831568
2014,7,8861,171.0,0.019298047624421624
2014,8,2885,143.0,0.04956672443674177
2014,9,2214,199.0,0.08988256549232158
2014,10,1741,270.0,0.15508328546812178
2014,11,2247,712.0,0.3168669336893636
2015,1,10327,0.0,0.0
2015,2,29122,8.0,0.0002747064075269556
2015,3,55548,33.0,0.0005940807949881184
2015,4,78418,91.0,0.0011604478563595093
2015,5,61707,242.0,0.0039217592817670606
2015,6,22646,208.0,0.009184845005740528
2015,7,7811,166.0,0.02125208039943669
2015,8,2854,123.0,0.04309740714786265
2015,9,2077,170.0,0.08184882041405873
2015,10,1710,304.0,0.17777777777777778
2015,11,1894,651.0,0.3437170010559662
2016,1,11351,0.0,0.0
2016,2,31399,15.0,0.00047772222045288065
2016,3,60035,49.0,0.0008161905555092862
2016,4,79074,132.0,0.0016693224068593975
2016,5,62609,272.0,0.004344423325719944
2016,6,22411,230.0,0.010262817366471822
2016,7,6926,124.0,0.017903551833670227
2016,8,2659,128.0,0.04813839789394509
2016,9,1920,207.0,0.1078125
2016,10,1655,317.0,0.19154078549848944
2016,11,1770,626.0,0.3536723163841808
2017,1,11361,0.0,0.0
2017,2,31110,14.0,0.0004500160720025715
2017,3,61738,32.0,0.0005183193495092163
2017,4,87521,112.0,0.0012796928737103094
2017,5,68799,234.0,0.003401212226921903
2017,6,22493,162.0,0.007202240697105766
2017,7,6061,115.0,0.018973766705164163
2017,8,2697,120.0,0.04449388209121246
2017,9,2091,236.0,0.1128646580583453
2017,10,1849,333.0,0.18009734991887508
2017,11,2162,854.0,0.395004625346901
2018,1,10992,0.0,0.0
2018,2,30355,14.0,0.000461209026519519
2018,3,61241,44.0,0.0007184729184696527
2018,4,94774,91.0,0.0009601789520332581
2018,5,79232,228.0,0.0028776252019386108
2018,6,25725,139.0,0.005403304178814383
2018,7,5869,119.0,0.020276026580337368
2018,8,2829,139.0,0.04913396960056557
2018,9,1937,203.0,0.10480123902942695
2018,10,1686,276.0,0.16370106761565836
2018,11,1413,497.0,0.35173389950460016
2019,1,11079,7.0,0.0006318259770737431
2019,2,30876,47.0,0.0015222179038735587
2019,3,62214,165.0,0.0026521361751374287
2019,4,94993,399.0,0.004200309496489215
2019,5,81919,580.0,0.007080164552789951
2019,6,27779,360.0,0.012959429785089457
2019,7,6021,155.0,0.025743232021258926
2019,8,3029,135.0,0.04456916474083856
2019,9,1915,162.0,0.0845953002610966
2019,10,1641,249.0,0.15173674588665448
2019,11,1356,409.0,0.30162241887905605
2020,1,11893,2.0,0.00016816614815437652
2020,2,33090,16.0,0.0004835297673012995
2020,3,59527,41.0,0.0006887630822987888
2020,4,74136,102.0,0.0013758497895759146
2020,5,57452,122.0,0.0021235118011557474
2020,6,21064,102.0,0.004842385112039499
2020,7,5734,70.0,0.012207882804325079
2020,8,4562,152.0,0.033318719859710653
2020,9,4128,410.0,0.09932170542635659
2020,10,3943,988.0,0.2505706314988587
2020,11,4926,1886.0,0.38286642306130736
2021,1,11724,1.0,8.5295121119072e-05
2021,2,33412,9.0,0.00026936430025140666
2021,3,61635,42.0,0.0006814310051107325
2021,4,70354,149.0,0.0021178611024248797
2021,5,44651,144.0,0.0032250117578553673
2021,6,15790,87.0,0.005509816339455352
2021,7,4135,85.0,0.020556227327690448
2021,8,2997,121.0,0.040373707040373706
2021,9,2736,267.0,0.09758771929824561
2021,10,1738,421.0,0.2422324510932106
2021,11,1382,699.0,0.5057887120115774
2022,1,10251,2.0,0.000195102916788606
2022,2,30762,14.0,0.00045510695013328134
2022,3,60873,42.0,0.000689961066482677
2022,4,79762,131.0,0.0016423860986434643
2022,5,57307,238.0,0.004153070305547315
2022,6,20978,162.0,0.007722375822290018
2022,7,4556,76.0,0.016681299385425813
2022,8,2178,124.0,0.05693296602387511
2022,9,1714,187.0,0.10910151691948658
2022,10,1331,338.0,0.2539444027047333
2022,11,946,432.0,0.45665961945031713
2023,1,9603,2.0,0.0002082682495053629
2023,2,28370,11.0,0.00038773352132534365
2023,3,56962,42.0,0.0007373336610371826
2023,4,81437,150.0,0.0018419146088387343
2023,5,73539,271.0,0.003685119460422361
2023,6,37400,334.0,0.00893048128342246
2023,7,7717,164.0,0.021251781780484643
2023,8,2658,128.0,0.04815650865312265
2023,9,1970,228.0,0.11573604060913706
2023,10,1640,362.0,0.22073170731707317
2023,11,1280,585.0,0.45703125
2024,1,9307,7.0,0.0007521220586655206
2024,2,26879,12.0,0.00044644518025224153
2024,3,54362,35.0,0.0006438320885912954
2024,4,81204,125.0,0.0015393330377813901
2024,5,83249,225.0,0.002702735167990006
2024,6,51382,351.0,0.0068311860184500405
2024,7,12092,210.0,0.017366854118425406
2024,8,3191,172.0,0.05390159824506424
2024,9,2368,247.0,0.10430743243243243
2024,10,1869,405.0,0.21669341894060995
2024,11,1830,808.0,0.44153005464480877
