year,regulatory_pd,ttc_unbiased_pd,pit_pd,observed_dr,regulatory_over_pit
1999,0.00876798887515625,0.008185732551291083,0.003866342337728843,0.003866342337728844,2.2677735464849498
2000,0.013570946303261527,0.012794264945028166,0.008785765191078715,0.00878576519107871,1.5446516049668395
2001,0.016146419750157348,0.015290777325281266,0.009557220062577214,0.009557220062577036,1.6894473125486744
2002,0.015811643616899924,0.014978008311897805,0.009941581292145552,0.009941581292145544,1.5904555977822235
2003,0.014198906047534801,0.01342797137653147,0.008969708390257692,0.00896970839025769,1.5829841316755313
2004,0.011859489901332955,0.011166699023608284,0.007375975612558311,0.007375975612558307,1.6078537300395934
2005,0.011742010887672348,0.011052036478220957,0.006393587477909618,0.006393587477909619,1.8365293238329783
2006,0.01299000546877563,0.01224075030393822,0.008218512000084567,0.008218512000084563,1.5805787554537811
2007,0.01464530820936832,0.013826904804013667,0.015592222958799116,0.015592222958799118,0.9392700609827782
2008,0.016954965312077745,0.016077480845705636,0.03290610569938121,0.03290610569938122,0.5152528672633716
2009,0.01845505004341588,0.01754564458011742,0.028612663134239127,0.02861266313423912,0.6449958871997407
2010,0.016884333130513785,0.016027047830762774,0.02230657539929476,0.022306575399294752,0.7569217967473213
2011,0.014888075895973192,0.014097362366283549,0.018417943786564743,0.01841794378656474,0.8083462556136984
2012,0.01334201333317282,0.012597846668121734,0.014344567218369889,0.014344567218369889,0.9301091577086285
2013,0.01139474959955078,0.010722742792882125,0.011103094096175888,0.011103094096175884,1.0262679484518953
2014,0.009541064162066727,0.008942759080556511,0.008350173042528948,0.008350173042528976,1.142618735380974
2015,0.008450295001299003,0.007884810833926446,0.0072816419445923715,0.007281641944592396,1.1604930681293
2016,0.007886096129557861,0.007336175253347134,0.00745185568949182,0.007451855689491819,1.0582727924640816
2017,0.008230978173659169,0.00768464184175249,0.0074257591932375905,0.0074257591932375905,1.1084359133480743
2018,0.00698225639466488,0.0064767288117811616,0.005537046001778184,0.005537046001778183,1.261007474458868
2019,0.006886709936216081,0.006381732382463744,0.00826461641399905,0.008264616413999046,0.8332764149284658
2020,0.014680062843130934,0.01392973585995404,0.01387388351072364,0.013873883510723646,1.0581076907402436
2021,0.007810363248349463,0.007246050996146501,0.008082090088364186,0.008082090088364184,0.966379137445408
2022,0.00629239293015035,0.00579367282576429,0.006450945473623379,0.006450945473623539,0.9754218131092073
2023,0.007457690103532822,0.006917027623455557,0.0075253820527735205,0.007525382052773518,0.9910048488214961
2024,0.008753476157866112,0.008162880187530239,0.007924133364659646,0.007924133364659646,1.1046603779922737
