grade,pd_upper_bound,years,n,defaults,lra_equal,lra_pooled,monotonic_adjustment,lra,moc_a,moc_b,moc_c,pd_before_floor,floor_uplift,regulatory_pd,rw_illustrative
1,0.0005,26,150433,27.0,0.00014227340103525386,0.00017948189559471658,0.0,0.00014227340103525386,0.0,0.0,2.7964668543734565e-05,0.00017023806957898842,0.0008297619304210115,0.001,0.059386892441936484
2,0.001,26,476255,195.0,0.00030395353184983526,0.00040944452026750374,0.0,0.00030395353184983526,0.0,0.0,3.561515657430855e-05,0.0003395686884241438,0.0006604313115758562,0.001,0.059386892441936484
3,0.002,26,983353,763.0,0.0006543574339467046,0.0007759166850561294,0.0,0.0006543574339467046,0.0,0.0,5.70551074397166e-05,0.0007114125413864212,0.00028858745861357884,0.001,0.059386892441936484
4,0.004,26,1443953,2544.0,0.00154399680976018,0.0017618301980743141,0.0,0.00154399680976018,0.0,0.0,0.00012206735492925136,0.0016660641646894314,0.0,0.0016660641646894314,0.08751873726845424
5,0.008,26,1383832,5870.0,0.003922685381767762,0.0042418443857346845,0.0,0.003922685381767762,0.0,0.0,0.000308112374778023,0.004230797756545785,0.0,0.004230797756545785,0.17315023455457557
6,0.016,26,832439,9635.0,0.009949094540918215,0.011574421669335531,0.0,0.009949094540918215,0.0,0.0,0.0008582133936763121,0.010807307934594527,0.0,0.010807307934594527,0.3298603733550314
7,0.032,26,280769,7669.0,0.02188943803378112,0.027314269025426597,0.0,0.02188943803378112,0.0,0.0,0.0016869808118754395,0.02357641884565656,0.0,0.02357641884565656,0.5398613260375053
8,0.064,26,75212,3939.0,0.0479112746446742,0.05237196192097006,0.0,0.0479112746446742,0.0,0.0,0.0026401176005894852,0.050551392245263685,0.0,0.050551392245263685,0.8281380643677028
9,0.128,26,56146,5461.0,0.08958096248046216,0.09726427528229972,0.0,0.08958096248046216,0.0,0.0,0.004158377372897787,0.09373933985335994,0.0,0.09373933985335994,1.106101170870205
10,0.256,26,44452,8829.0,0.18347635805374288,0.19861873481508144,0.0,0.18347635805374288,0.0,0.0,0.006579432232339477,0.19005579028608235,0.0,0.19005579028608235,1.3916749037709923
11,1.0,26,55703,22467.0,0.37946404683594753,0.40333554745704897,0.0,0.37946404683594753,0.0,0.0,0.009535171925100616,0.38899921876104815,0.0,0.38899921876104815,1.4077829220234106
