grade,regulatory_pd,floor_uplift,moc_c,moc_b,moc_a,lra,z_adjustment,pit_pd
1,0.001,0.0008297619304210115,2.7964668543734565e-05,0.0,0.0,0.00014227340103525386,-2.1441466837992512e-05,0.00012083193419726135
2,0.001,0.0006604313115758562,3.561515657430855e-05,0.0,0.0,0.00030395353184983526,-4.063534860011971e-05,0.00026331818324971555
3,0.001,0.00028858745861357884,5.70551074397166e-05,0.0,0.0,0.0006543574339467046,-7.617403783944461e-05,0.00057818339610726
4,0.0016660641646894314,0.0,0.00012206735492925136,0.0,0.0,0.00154399680976018,-0.00014980975220397455,0.0013941870575562055
5,0.004230797756545785,0.0,0.000308112374778023,0.0,0.0,0.003922685381767762,-0.0002983385247917313,0.0036243468569760306
6,0.010807307934594527,0.0,0.0008582133936763121,0.0,0.0,0.009949094540918215,-0.0005512382717399178,0.009397856269178297
7,0.02357641884565656,0.0,0.0016869808118754395,0.0,0.0,0.02188943803378112,-0.0008399460773337863,0.021049491956447335
8,0.050551392245263685,0.0,0.0026401176005894852,0.0,0.0,0.0479112746446742,-0.0010636038648413476,0.04684767077983285
9,0.09373933985335994,0.0,0.004158377372897787,0.0,0.0,0.08958096248046216,-0.0009107660522262861,0.08867019642823587
10,0.19005579028608235,0.0,0.006579432232339477,0.0,0.0,0.18347635805374288,0.0003610232301587135,0.1838373812839016
11,0.38899921876104815,0.0,0.009535171925100616,0.0,0.0,0.37946404683594753,0.0041231383351348905,0.3835871851710824
portfolio,0.008753476157866112,0.00012559772417006273,0.0004649982461658102,0.0,0.0,0.008162880187530239,-0.0002387468228705922,0.007924133364659646
