year,n,defaults,observed_dr,ttc_dr,z
1999,39055,151,0.003866342337728844,0.008185732551291082,1.5881151341763196
2000,85593,752,0.00878576519107871,0.012794264945028166,0.8552190020619641
2001,105470,1008,0.009557220062577036,0.015290777325281264,1.2109706086552412
2002,115374,1147,0.009941581292145544,0.014978008311897807,1.064812235207011
2003,106135,952,0.00896970839025769,0.013427971376531466,1.081852679043308
2004,130559,963,0.007375975612558307,0.011166699023608282,1.030595870048321
2005,158440,1013,0.006393587477909619,0.011052036478220955,1.3786122707568305
2006,189207,1555,0.008218512000084563,0.01224075030393822,0.9696031504802951
2007,220238,3434,0.015592222958799118,0.01382690480401367,-0.5124579888437929
2008,247097,8131,0.03290610569938122,0.016077480845705636,-2.4552523652453933
2009,242515,6939,0.02861266313423912,0.01754564458011742,-1.804287603848257
2010,241050,5377,0.022306575399294752,0.016027047830762774,-1.2492810930580522
2011,248019,4568,0.01841794378656474,0.014097362366283547,-1.0258470411382274
2012,235211,3374,0.014344567218369889,0.012597846668121734,-0.5690954444989069
2013,235610,2616,0.011103094096175884,0.010722742792882125,-0.2574134842843501
2014,258318,2157,0.008350173042528976,0.008942759080556511,0.05919070623251566
2015,274114,1996,0.007281641944592396,0.007884810833926448,0.07873504409562493
2016,281809,2100,0.007451855689491819,0.007336175253347135,-0.208929296727123
2017,297882,2212,0.0074257591932375905,0.00768464184175249,-0.05397590498568619
2018,316053,1750,0.005537046001778183,0.006476728811781161,0.2642965433941628
2019,322822,2668,0.008264616413999046,0.006381732382463744,-0.8910808989353034
2020,280455,3891,0.013873883510723646,0.01392973585995404,-0.10820466155832927
2021,250554,2025,0.008082090088364184,0.007246050996146501,-0.4868862595887671
2022,270658,1746,0.006450945473623539,0.005793672825764291,-0.470433029009621
2023,302576,2277,0.007525382052773518,0.006917027623455558,-0.40537188012353687
2024,327733,2597,0.007924133364659646,0.00816288018753024,-0.0876817881419611
