vintage,loans,loan_months,last_period,orphans,recovery_nonzero,recovery_positive,expense_rows,expense_not_reconciling,ra_rows,xx_rows,fico_null,ltv_null,dti_null,vantage_null,loans_with_gaps,loans_with_age_reset
1999,50000,2503335,2026-03,0,908,6,418,0,2586,0,0.00772,6e-05,0.04002,1.0,7,265
2000,50000,1442994,2026-03,0,1279,9,571,0,3898,0,0.0141,0.0001,0.02288,1.0,37,276
2001,50000,1977237,2026-03,0,1146,6,533,0,3549,0,0.00506,0.0,0.02216,1.0,10,272
2002,50000,2496389,2026-03,0,1219,8,588,0,3760,0,0.00816,0.0001,0.02006,1.0,4,350
2003,50000,4078243,2026-03,0,1413,4,702,0,4048,0,0.00046,6e-05,0.01902,1.0,7,577
2004,50000,3985245,2026-03,0,2992,11,1460,0,8172,0,0.00082,4e-05,0.01834,1.0,13,1075
2005,50000,3877176,2026-03,0,5528,8,2696,0,13352,0,0.00082,4e-05,0.03064,1.0,29,1900
2006,50000,3203499,2026-03,0,7733,12,3779,0,19437,0,0.00092,0.00018,0.02138,1.0,32,2651
2007,50000,3012061,2026-03,0,8657,13,4042,0,20987,0,0.00076,2e-05,0.02248,1.0,30,3136
2008,50000,2456504,2026-03,0,4086,5,1927,0,10088,0,0.0007,2e-05,0.02052,1.0,14,1754
2009,50000,3160160,2026-03,0,1001,2,520,0,2216,0,2e-05,4e-05,0.10924,1.0,4,560
2010,50000,3446018,2026-03,0,941,1,483,0,2004,0,6e-05,2e-05,0.29324,1.0,1,738
2011,50000,3631696,2026-03,0,731,2,376,0,1190,0,0.0,4e-05,0.30996,1.0,4,1009
2012,50000,4510559,2026-03,0,749,1,374,0,1073,0,0.0,6e-05,0.348,1.0,0,1097
2013,50000,4197674,2026-03,0,596,0,301,0,1100,0,2e-05,0.0,0.28768,1.0,0,1023
2014,50000,3394276,2026-03,0,398,1,210,0,805,0,0.00026,4e-05,0.14618,1.0,0,840
2015,50000,3467166,2026-03,0,273,0,134,0,567,0,0.0,2e-05,0.0804,1.0,2,933
2016,50000,3379650,2026-03,0,171,0,91,0,216,0,0.0,0.0,0.05056,1.0,0,978
2017,50000,2800219,2026-03,0,186,0,99,0,352,0,0.00016,0.0,0.03612,1.0,1,1086
2018,50000,2059564,2026-03,0,128,0,65,0,206,0,0.0003,2e-05,0.01026,1.0,0,906
2019,50000,1934614,2026-03,0,82,0,46,0,137,0,0.00036,0.0,0.00062,1.0,0,889
2020,50000,2517857,2026-03,0,41,0,21,0,224,0,0.00014,0.0,0.0,1.0,0,901
2021,50000,2537054,2026-03,0,41,0,21,0,93,0,0.00014,0.0,0.00016,1.0,0,1156
2022,50000,2034798,2026-03,0,94,0,45,0,296,0,0.00016,0.0,6e-05,1.0,0,2235
2023,50000,1458169,2026-03,0,81,0,34,0,327,0,0.00034,0.0,6e-05,1.0,0,4269
2024,50000,952865,2026-03,0,16,0,8,0,51,5,0.0004,0.0,0.0,1.0,0,4632
2025,50000,404946,2026-03,5,0,0,0,0,2,13622,0.00038,0.0,0.0,1.0,0,3036
