vintage,event_year,first_defaults,re_defaults
1999,2026,0,1
1999,2018,4,20
1999,2025,2,3
1999,2019,8,9
1999,2000,177,9
1999,2016,6,12
1999,2012,36,32
1999,2008,46,43
1999,2014,20,21
1999,2015,8,14
1999,2005,84,55
1999,2002,308,79
1999,2001,356,43
1999,2010,64,44
1999,1999,19,0
1999,2009,50,48
1999,2024,4,5
1999,2023,2,2
1999,2013,16,32
1999,2021,5,3
1999,2017,6,10
1999,2004,153,68
1999,2006,46,45
1999,2020,3,6
1999,2011,40,38
1999,2003,218,95
1999,2007,42,37
1999,2022,3,3
2000,2019,4,9
2000,2018,8,14
2000,2026,0,1
2000,2025,0,2
2000,2013,14,35
2000,2021,2,5
2000,2024,2,2
2000,2023,1,3
2000,2008,48,26
2000,2014,6,35
2000,2015,10,22
2000,2012,23,30
2000,2016,11,17
2000,2000,73,0
2000,2004,148,90
2000,2017,4,14
2000,2020,2,6
2000,2006,49,51
2000,2007,47,30
2000,2022,3,2
2000,2003,269,93
2000,2011,26,31
2000,2001,434,30
2000,2002,369,76
2000,2009,51,47
2000,2005,109,79
2000,2010,34,39
2001,2019,5,13
2001,2025,1,6
2001,2026,1,3
2001,2018,9,15
2001,2016,10,20
2001,2012,37,44
2001,2013,29,43
2001,2023,1,1
2001,2024,0,3
2001,2021,6,16
2001,2014,22,27
2001,2008,71,49
2001,2015,14,27
2001,2007,57,44
2001,2022,2,10
2001,2009,119,63
2001,2010,79,53
2001,2002,282,31
2001,2005,134,54
2001,2001,68,0
2001,2003,307,59
2001,2011,44,49
2001,2004,226,56
2001,2017,11,9
2001,2006,74,60
2001,2020,3,8
2002,2019,7,28
2002,2018,15,24
2002,2025,6,4
2002,2026,2,1
2002,2012,61,45
2002,2016,21,40
2002,2008,114,62
2002,2015,22,41
2002,2014,53,58
2002,2013,63,50
2002,2024,4,6
2002,2021,10,10
2002,2023,3,6
2002,2004,199,39
2002,2017,16,33
2002,2020,9,10
2002,2006,106,56
2002,2003,255,25
2002,2011,95,66
2002,2005,165,53
2002,2009,162,60
2002,2002,75,0
2002,2010,120,55
2002,2007,98,48
2002,2022,5,8
2003,2014,72,81
2003,2015,53,48
2003,2008,160,61
2003,2012,164,76
2003,2016,37,46
2003,2021,17,18
2003,2023,7,10
2003,2013,104,78
2003,2024,3,9
2003,2017,32,43
2003,2004,115,6
2003,2006,155,27
2003,2020,9,18
2003,2007,135,51
2003,2022,16,16
2003,2010,236,70
2003,2005,151,29
2003,2009,282,101
2003,2019,14,17
2003,2018,32,37
2003,2025,6,13
2003,2026,1,2
2003,2011,202,84
2003,2003,12,0
2004,2018,47,89
2004,2019,26,61
2004,2025,7,10
2004,2026,1,0
2004,2012,270,142
2004,2016,61,102
2004,2013,163,133
2004,2023,11,18
2004,2021,30,39
2004,2024,8,13
2004,2006,246,36
2004,2004,30,0
2004,2017,53,74
2004,2020,20,53
2004,2007,277,71
2004,2022,12,19
2004,2008,352,97
2004,2015,92,98
2004,2014,160,120
2004,2011,376,154
2004,2009,574,136
2004,2010,490,153
2004,2005,200,7
2005,2008,609,88
2005,2014,169,179
2005,2015,99,144
2005,2016,95,128
2005,2012,469,238
2005,2013,290,220
2005,2024,18,15
2005,2021,25,47
2005,2023,12,15
2005,2006,209,18
2005,2017,62,112
2005,2020,33,54
2005,2009,1174,142
2005,2010,981,169
2005,2005,76,1
2005,2018,55,92
2005,2019,29,74
2005,2025,9,18
2005,2026,3,2
2005,2007,381,66
2005,2022,17,20
2005,2011,654,213
2006,2014,202,192
2006,2008,940,104
2006,2015,129,145
2006,2012,604,308
2006,2016,76,164
2006,2013,333,255
2006,2021,26,77
2006,2023,9,27
2006,2024,15,11
2006,2017,80,128
2006,2020,37,65
2006,2006,41,1
2006,2007,395,28
2006,2022,19,34
2006,2019,35,100
2006,2026,2,5
2006,2025,8,13
2006,2018,49,127
2006,2011,940,302
2006,2010,1371,265
2006,2009,1857,164
2007,2019,39,75
2007,2018,66,156
2007,2025,13,23
2007,2026,3,6
2007,2012,734,351
2007,2016,102,201
2007,2013,427,298
2007,2023,14,25
2007,2021,47,78
2007,2024,12,28
2007,2017,82,190
2007,2020,44,80
2007,2022,18,56
2007,2007,82,0
2007,2008,925,37
2007,2015,160,185
2007,2014,224,255
2007,2009,2353,129
2007,2010,1753,258
2007,2011,1087,321
2008,2019,35,62
2008,2018,55,98
2008,2026,7,3
2008,2025,9,16
2008,2016,75,112
2008,2012,514,189
2008,2017,79,120
2008,2020,39,42
2008,2022,20,29
2008,2008,159,0
2008,2015,112,146
2008,2014,166,151
2008,2023,12,21
2008,2021,38,44
2008,2013,270,165
2008,2024,11,13
2008,2010,1120,99
2008,2009,1126,35
2008,2011,762,145
2009,2019,35,38
2009,2018,57,38
2009,2025,10,14
2009,2026,1,0
2009,2014,111,50
2009,2015,99,44
2009,2020,47,27
2009,2017,65,37
2009,2022,24,22
2009,2012,278,37
2009,2016,77,47
2009,2010,157,5
2009,2009,15,0
2009,2011,219,19
2009,2013,176,55
2009,2021,67,39
2009,2024,12,14
2009,2023,13,19
2010,2018,59,35
2010,2019,60,32
2010,2025,15,15
2010,2026,2,6
2010,2021,82,37
2010,2023,19,16
2010,2013,205,27
2010,2024,19,11
2010,2017,84,52
2010,2020,58,24
2010,2022,25,21
2010,2011,164,3
2010,2010,28,0
2010,2015,111,31
2010,2014,155,35
2010,2012,274,21
2010,2016,89,43
2011,2025,23,14
2011,2018,61,34
2011,2019,54,25
2011,2026,4,6
2011,2012,171,2
2011,2016,80,42
2011,2023,31,17
2011,2013,190,9
2011,2021,113,55
2011,2024,12,15
2011,2017,95,40
2011,2020,80,30
2011,2022,31,29
2011,2011,31,0
2011,2014,145,23
2011,2015,130,33
2012,2018,95,36
2012,2025,21,26
2012,2019,67,45
2012,2026,8,4
2012,2013,157,4
2012,2024,30,18
2012,2021,145,46
2012,2023,27,22
2012,2016,120,30
2012,2012,28,0
2012,2014,156,16
2012,2015,147,27
2012,2020,105,26
2012,2017,99,30
2012,2022,52,28
2013,2019,98,47
2013,2018,174,43
2013,2025,41,27
2013,2026,10,8
2013,2014,110,4
2013,2015,153,10
2013,2016,158,12
2013,2020,155,36
2013,2017,164,33
2013,2022,75,41
2013,2021,164,64
2013,2024,26,33
2013,2023,48,33
2013,2013,19,0
2014,2019,106,57
2014,2018,169,49
2014,2025,33,38
2014,2026,7,9
2014,2014,24,0
2014,2015,124,5
2014,2016,156,29
2014,2021,223,69
2014,2023,43,47
2014,2024,39,51
2014,2020,176,42
2014,2017,191,33
2014,2022,102,56
2015,2018,181,43
2015,2019,117,48
2015,2025,39,56
2015,2026,9,13
2015,2015,12,0
2015,2016,98,5
2015,2020,193,45
2015,2017,183,23
2015,2023,51,41
2015,2024,44,52
2015,2021,249,74
2015,2022,98,69
2016,2018,220,30
2016,2019,129,33
2016,2025,41,43
2016,2026,4,9
2016,2023,64,59
2016,2021,356,70
2016,2024,49,55
2016,2020,247,40
2016,2017,131,6
2016,2022,128,47
2016,2016,8,0
2017,2018,189,9
2017,2019,223,36
2017,2026,13,24
2017,2025,59,63
2017,2021,509,109
2017,2024,85,78
2017,2023,105,78
2017,2017,45,0
2017,2020,328,52
2017,2022,160,93
2018,2019,174,9
2018,2025,65,82
2018,2026,11,17
2018,2018,11,0
2018,2021,504,93
2018,2024,72,94
2018,2023,101,85
2018,2022,181,95
2018,2020,368,36
2019,2019,33,1
2019,2025,94,88
2019,2026,32,14
2019,2020,296,11
2019,2023,105,63
2019,2021,493,62
2019,2024,111,79
2019,2022,214,67
2020,2025,66,31
2020,2026,21,10
2020,2020,72,0
2020,2022,181,22
2020,2021,178,6
2020,2024,80,36
2020,2023,110,32
2021,2025,210,98
2021,2026,51,30
2021,2022,141,10
2021,2021,22,0
2021,2023,220,35
2021,2024,203,80
2022,2025,473,176
2022,2026,115,60
2022,2023,363,23
2022,2024,558,116
2022,2022,42,1
2023,2025,496,93
2023,2026,130,44
2023,2024,403,35
2023,2023,61,0
2024,2025,345,35
2024,2026,108,24
2024,2024,74,0
2025,2026,23,0
2025,2025,30,0
