vintage,obs_year,n_obs,n_default
1999,2018,6964,169.0
1999,2019,5904,117.0
1999,2025,582,13.0
1999,2008,52066,902.0
1999,2014,13288,304.0
1999,2015,10347,178.0
1999,2000,537665,3353.0
1999,2012,24706,544.0
1999,2016,9189,199.0
1999,2013,19553,431.0
1999,2021,3951,78.0
1999,2023,2835,52.0
1999,2024,2544,60.0
1999,2004,114652,1752.0
1999,2006,69425,767.0
1999,2017,8027,196.0
1999,2020,4983,78.0
1999,2007,60028,859.0
1999,2022,3229,46.0
1999,2003,194609,2706.0
1999,2011,30374,669.0
1999,2001,493025,4241.0
1999,2002,359030,3764.0
1999,1999,232875,688.0
1999,2005,85627,1189.0
1999,2009,43957,1148.0
1999,2010,36507,891.0
2000,2018,4440,153.0
2000,2019,3840,114.0
2000,2025,364,4.0
2000,2008,23579,988.0
2000,2014,9663,379.0
2000,2015,7250,284.0
2000,2013,11481,353.0
2000,2021,2567,47.0
2000,2023,1839,55.0
2000,2024,1567,18.0
2000,2004,60659,2037.0
2000,2006,32784,840.0
2000,2017,5192,257.0
2000,2020,3121,64.0
2000,2007,27530,797.0
2000,2022,2176,47.0
2000,2003,111638,2858.0
2000,2011,15347,573.0
2000,2012,13702,521.0
2000,2016,5834,196.0
2000,2000,238960,2013.0
2000,2001,451300,5239.0
2000,2002,248051,4381.0
2000,2005,42492,1441.0
2000,2009,20434,864.0
2000,2010,17449,682.0
2001,2012,35513,712.0
2001,2016,12320,276.0
2001,2018,7340,249.0
2001,2019,6377,137.0
2001,2025,622,20.0
2001,2004,160008,2327.0
2001,2006,96931,1040.0
2001,2017,8491,238.0
2001,2020,5530,181.0
2001,2001,247191,1496.0
2001,2002,517305,4038.0
2001,2005,118777,1725.0
2001,2009,61260,1604.0
2001,2010,50845,1065.0
2001,2013,28537,624.0
2001,2021,4373,163.0
2001,2023,3097,16.0
2001,2024,2700,37.0
2001,2007,83897,1161.0
2001,2022,3493,62.0
2001,2008,73241,1668.0
2001,2014,23044,470.0
2001,2015,18029,343.0
2001,2003,287212,3404.0
2001,2011,42287,841.0
2002,2018,12707,368.0
2002,2019,10805,219.0
2002,2025,971,22.0
2002,2008,160000,2148.0
2002,2014,46143,915.0
2002,2015,37593,548.0
2002,2012,73419,1122.0
2002,2016,29641,548.0
2002,2006,200346,1522.0
2002,2004,296245,2480.0
2002,2017,19485,444.0
2002,2020,9056,200.0
2002,2007,178921,1658.0
2002,2022,5715,127.0
2002,2013,56784,1134.0
2002,2021,7385,154.0
2002,2023,4858,75.0
2002,2024,4351,138.0
2002,2011,90655,1418.0
2002,2003,432748,2771.0
2002,2009,135686,2228.0
2002,2010,111303,1675.0
2002,2002,251156,1586.0
2002,2005,235350,1924.0
2002,2001,1,0.0
2003,2018,33991,479.0
2003,2019,23231,288.0
2003,2025,2332,36.0
2003,2013,127563,1680.0
2003,2021,16571,389.0
2003,2023,11447,162.0
2003,2024,9922,124.0
2003,2006,423969,1900.0
2003,2004,537409,1555.0
2003,2017,54129,852.0
2003,2020,20212,316.0
2003,2012,171409,2231.0
2003,2016,69708,721.0
2003,2011,216142,2863.0
2003,2003,253747,474.0
2003,2008,357112,3252.0
2003,2014,102953,1297.0
2003,2015,85740,918.0
2003,2007,387314,2082.0
2003,2022,13652,218.0
2003,2005,476492,2098.0
2003,2009,315557,3895.0
2003,2010,267592,2942.0
2004,2018,51335,1001.0
2004,2019,36939,712.0
2004,2025,3305,45.0
2004,2016,76707,1428.0
2004,2012,186141,3725.0
2004,2014,109617,2277.0
2004,2015,91245,1608.0
2004,2008,399360,6375.0
2004,2013,136777,2985.0
2004,2021,23297,493.0
2004,2023,17204,235.0
2004,2024,14577,190.0
2004,2004,255347,819.0
2004,2006,481057,3310.0
2004,2017,63583,1393.0
2004,2020,28464,738.0
2004,2007,435636,4221.0
2004,2022,19457,344.0
2004,2005,537255,3058.0
2004,2009,348526,7809.0
2004,2010,292934,5813.0
2004,2011,235920,5030.0
2005,2018,54894,1229.0
2005,2019,45157,840.0
2005,2025,3981,50.0
2005,2008,463668,11885.0
2005,2014,113495,2989.0
2005,2015,94178,2318.0
2005,2006,551107,3634.0
2005,2017,66285,1667.0
2005,2020,33818,744.0
2005,2007,507090,6092.0
2005,2022,21197,275.0
2005,2013,140925,4092.0
2005,2021,25367,566.0
2005,2023,19355,343.0
2005,2024,17347,303.0
2005,2009,400249,14594.0
2005,2010,330107,10487.0
2005,2005,254514,1264.0
2005,2012,200750,6403.0
2005,2016,79115,1991.0
2005,2011,261701,8449.0
2006,2018,47033,1554.0
2006,2019,38847,1025.0
2006,2025,3566,48.0
2006,2012,173833,7963.0
2006,2016,67736,2370.0
2006,2013,121835,4972.0
2006,2021,23517,790.0
2006,2023,16642,285.0
2006,2024,15178,292.0
2006,2008,483891,18354.0
2006,2014,94842,3398.0
2006,2015,80046,2572.0
2006,2006,245952,1739.0
2006,2017,56771,2048.0
2006,2020,31767,1068.0
2006,2007,543422,7842.0
2006,2022,18219,411.0
2006,2009,383106,21749.0
2006,2010,290487,14493.0
2006,2011,225689,11247.0
2007,2018,52392,1546.0
2007,2019,44698,1186.0
2007,2025,4238,91.0
2007,2012,203695,9299.0
2007,2016,76581,2981.0
2007,2013,140045,6118.0
2007,2021,28753,1031.0
2007,2023,19444,374.0
2007,2024,17836,333.0
2007,2017,63565,2635.0
2007,2020,36831,1246.0
2007,2006,2,0.0
2007,2008,543252,21225.0
2007,2014,108061,4264.0
2007,2015,90678,3178.0
2007,2009,442937,27152.0
2007,2010,338267,17508.0
2007,2007,249008,3194.0
2007,2022,22282,561.0
2007,2011,263109,13424.0
2008,2018,47815,1192.0
2008,2019,40836,833.0
2008,2025,3602,64.0
2008,2008,264315,5632.0
2008,2014,101666,2823.0
2008,2015,83506,2148.0
2008,2012,206249,5910.0
2008,2016,68799,1964.0
2008,2013,134082,3901.0
2008,2021,26109,764.0
2008,2023,17317,240.0
2008,2024,15276,249.0
2008,2017,57130,1912.0
2008,2020,33673,790.0
2008,2022,20702,403.0
2008,2011,282382,8859.0
2008,2009,501091,15263.0
2008,2010,384640,10908.0
2009,2018,103695,845.0
2009,2019,90900,752.0
2009,2025,7515,52.0
2009,2015,178304,1394.0
2009,2014,214567,1533.0
2009,2021,56536,896.0
2009,2023,39544,276.0
2009,2024,33728,208.0
2009,2013,258709,1997.0
2009,2017,120213,1049.0
2009,2020,74887,867.0
2009,2011,485565,3191.0
2009,2009,267200,644.0
2009,2010,562986,2397.0
2009,2022,44819,348.0
2009,2016,146081,1116.0
2009,2012,371661,3086.0
2010,2014,308582,1803.0
2010,2015,265390,1511.0
2010,2012,465303,3096.0
2010,2016,223653,1262.0
2010,2013,356501,2275.0
2010,2021,89071,975.0
2010,2023,61477,278.0
2010,2024,53719,379.0
2010,2017,186899,1239.0
2010,2020,119274,1075.0
2010,2011,553694,2829.0
2010,2010,261126,872.0
2010,2022,70388,385.0
2010,2018,162960,998.0
2010,2019,144363,841.0
2010,2025,11966,71.0
2011,2018,223076,957.0
2011,2019,198694,954.0
2011,2025,17609,81.0
2011,2012,531439,2404.0
2011,2016,296972,1336.0
2011,2017,252940,1267.0
2011,2020,165980,1531.0
2011,2022,98022,529.0
2011,2014,389315,1849.0
2011,2015,344888,1478.0
2011,2013,435108,2038.0
2011,2021,123716,1263.0
2011,2023,86816,347.0
2011,2024,77126,316.0
2011,2011,260808,924.0
2012,2014,526088,1752.0
2012,2015,490878,1805.0
2012,2013,554225,2042.0
2012,2021,209811,1547.0
2012,2023,153653,438.0
2012,2024,140260,494.0
2012,2017,394224,1644.0
2012,2020,276413,1829.0
2012,2022,170454,536.0
2012,2018,356148,1147.0
2012,2019,323036,1118.0
2012,2025,32888,106.0
2012,2012,256768,791.0
2012,2016,443894,1429.0
2013,2018,375828,1699.0
2013,2019,340612,1566.0
2013,2025,35211,185.0
2013,2013,261878,476.0
2013,2021,222280,2129.0
2013,2023,162547,664.0
2013,2024,149193,661.0
2013,2014,564398,1700.0
2013,2015,526918,1914.0
2013,2016,476069,2075.0
2013,2017,419439,2453.0
2013,2020,291572,2308.0
2013,2022,180596,958.0
2014,2018,352707,1684.0
2014,2019,319328,1869.0
2014,2025,28800,167.0
2014,2014,257430,625.0
2014,2015,539764,1875.0
2014,2021,186423,2625.0
2014,2023,133377,845.0
2014,2024,122104,775.0
2014,2017,401048,2612.0
2014,2020,261532,2795.0
2014,2022,146927,1161.0
2014,2016,473949,2167.0
2015,2025,37536,238.0
2015,2018,442089,1838.0
2015,2019,408718,1924.0
2015,2016,546756,1663.0
2015,2015,257062,457.0
2015,2021,233924,2906.0
2015,2023,169864,836.0
2015,2024,158185,934.0
2015,2017,491028,2721.0
2015,2020,337268,3121.0
2015,2022,184873,1256.0
2016,2016,258933,433.0
2016,2020,397442,4116.0
2016,2017,564459,2792.0
2016,2025,45301,191.0
2016,2018,522474,2004.0
2016,2019,478150,2113.0
2016,2021,276352,3714.0
2016,2023,202110,1104.0
2016,2024,189330,940.0
2016,2022,218540,1324.0
2017,2021,260888,5212.0
2017,2023,178688,1654.0
2017,2024,166377,1400.0
2017,2022,195630,2007.0
2017,2020,405086,5542.0
2017,2017,261645,1166.0
2017,2018,561152,2441.0
2017,2019,517286,3215.0
2017,2025,39829,316.0
2018,2019,543510,3082.0
2018,2018,261267,770.0
2018,2025,31865,319.0
2018,2022,158514,1979.0
2018,2020,381167,5769.0
2018,2021,223213,5177.0
2018,2023,144236,1595.0
2018,2024,133761,1614.0
2019,2019,259395,1153.0
2019,2025,45640,434.0
2019,2020,485842,5188.0
2019,2022,221457,1970.0
2019,2021,301849,4997.0
2019,2023,203670,1783.0
2019,2024,190526,1921.0
2020,2025,96111,280.0
2020,2020,260321,1268.0
2020,2022,440227,1788.0
2020,2023,415798,1248.0
2020,2024,396417,1097.0
2020,2021,510465,2338.0
2021,2025,126483,750.0
2021,2022,569081,2362.0
2021,2023,544103,2971.0
2021,2024,520643,2993.0
2021,2021,267844,653.0
2022,2025,129235,1584.0
2022,2023,575192,6081.0
2022,2024,541070,7212.0
2022,2022,271542,1629.0
2023,2025,130529,1578.0
2023,2023,267158,1945.0
2023,2024,562349,6158.0
2024,2025,143381,1123.0
2024,2024,266844,1992.0
2025,2025,11056,35.0
