vintage,loans,defaulted,forbearance_loans,forbearance_defaulted
1999,50000,1726.0,45.0,27.0
2000,50000,1747.0,38.0,30.0
2001,50000,1612.0,68.0,50.0
2002,50000,1686.0,108.0,74.0
2003,50000,2015.0,213.0,153.0
2004,50000,3506.0,392.0,273.0
2005,50000,5469.0,457.0,336.0
2006,50000,7168.0,516.0,402.0
2007,50000,8185.0,723.0,567.0
2008,50000,4609.0,491.0,344.0
2009,50000,1463.0,504.0,225.0
2010,50000,1449.0,685.0,287.0
2011,50000,1251.0,960.0,333.0
2012,50000,1257.0,1300.0,392.0
2013,50000,1395.0,1597.0,527.0
2014,50000,1393.0,1774.0,650.0
2015,50000,1274.0,2185.0,722.0
2016,50000,1377.0,2907.0,929.0
2017,50000,1716.0,3417.0,1180.0
2018,50000,1487.0,3253.0,1083.0
2019,50000,1378.0,3479.0,1014.0
2020,50000,708.0,1226.0,436.0
2021,50000,847.0,729.0,342.0
2022,50000,1551.0,1065.0,596.0
2023,50000,1090.0,632.0,344.0
2024,50000,527.0,338.0,147.0
2025,49995,53.0,54.0,12.0
