vintage,code,loans,ever_90dpd
1999,01,49113,1046.0
1999,02,104,104.0
1999,03,26,26.0
1999,09,335,335.0
1999,15,7,7.0
1999,16,75,73.0
1999,96,172,111.0
2000,01,48936,858.0
2000,02,86,86.0
2000,03,45,43.0
2000,09,513,513.0
2000,15,10,10.0
2000,16,55,55.0
2000,96,249,157.0
2001,01,48976,778.0
2001,02,80,80.0
2001,03,46,45.0
2001,09,465,465.0
2001,15,12,12.0
2001,16,64,63.0
2001,96,164,120.0
2002,01,48786,761.0
2002,02,108,108.0
2002,03,52,51.0
2002,09,487,487.0
2002,15,23,23.0
2002,16,114,113.0
2002,96,135,81.0
2003,01,48322,969.0
2003,02,155,155.0
2003,03,86,82.0
2003,09,457,457.0
2003,15,33,33.0
2003,16,186,185.0
2003,96,55,24.0
2004,01,47004,1348.0
2004,02,279,279.0
2004,03,242,236.0
2004,09,932,932.0
2004,15,93,93.0
2004,16,388,381.0
2004,96,67,39.0
2005,01,45157,1596.0
2005,02,447,447.0
2005,03,657,641.0
2005,09,1586,1586.0
2005,15,162,162.0
2005,16,698,682.0
2005,96,112,86.0
2006,01,43643,1692.0
2006,02,547,547.0
2006,03,1013,964.0
2006,09,2274,2274.0
2006,15,235,235.0
2006,16,968,932.0
2006,96,227,173.0
2007,01,42554,1804.0
2007,02,539,539.0
2007,03,1197,1176.0
2007,09,2525,2525.0
2007,15,223,223.0
2007,16,1127,1088.0
2007,96,516,432.0
2008,01,45684,1287.0
2008,02,293,293.0
2008,03,544,532.0
2008,09,1175,1175.0
2008,15,123,123.0
2008,16,689,664.0
2008,96,380,315.0
2009,01,46844,642.0
2009,02,91,91.0
2009,03,153,141.0
2009,09,248,248.0
2009,15,52,52.0
2009,16,165,154.0
2009,96,151,42.0
2010,01,46045,667.0
2010,02,91,91.0
2010,03,145,137.0
2010,09,221,221.0
2010,15,41,41.0
2010,16,208,199.0
2010,96,89,29.0
2011,01,44549,621.0
2011,02,88,88.0
2011,03,115,112.0
2011,09,133,133.0
2011,15,44,44.0
2011,16,222,208.0
2011,96,105,7.0
2012,01,39749,685.0
2012,02,107,107.0
2012,03,114,108.0
2012,09,118,118.0
2012,15,42,42.0
2012,16,205,189.0
2012,96,108,13.0
2013,01,38904,771.0
2013,02,88,88.0
2013,03,67,67.0
2013,09,116,116.0
2013,15,37,37.0
2013,16,193,183.0
2013,96,80,9.0
2014,01,40813,876.0
2014,02,61,61.0
2014,03,28,28.0
2014,09,82,82.0
2014,15,41,41.0
2014,16,141,132.0
2014,96,95,11.0
2015,01,38212,952.0
2015,02,45,45.0
2015,03,18,18.0
2015,09,55,55.0
2015,15,18,18.0
2015,16,108,104.0
2015,96,35,5.0
2016,01,35734,1100.0
2016,02,41,41.0
2016,03,7,7.0
2016,09,28,28.0
2016,15,17,17.0
2016,16,72,66.0
2016,96,63,8.0
2017,01,37311,1393.0
2017,02,35,35.0
2017,03,8,8.0
2017,09,33,33.0
2017,15,26,26.0
2017,16,112,108.0
2017,96,105,26.0
2018,01,39830,1330.0
2018,02,29,29.0
2018,03,7,7.0
2018,09,17,17.0
2018,15,18,18.0
2018,16,59,58.0
2018,96,117,28.0
2019,01,35551,1337.0
2019,02,18,18.0
2019,03,4,4.0
2019,09,14,14.0
2019,15,13,13.0
2019,16,31,31.0
2019,96,123,25.0
2020,01,19385,385.0
2020,02,8,8.0
2020,09,12,12.0
2020,15,4,4.0
2020,16,21,21.0
2020,96,133,24.0
2021,01,9583,151.0
2021,02,11,11.0
2021,09,6,6.0
2021,15,6,6.0
2021,16,8,8.0
2021,96,116,18.0
2022,01,9657,225.0
2022,02,24,24.0
2022,03,6,6.0
2022,09,20,20.0
2022,15,8,8.0
2022,16,15,14.0
2022,96,250,38.0
2023,01,12990,125.0
2023,02,10,10.0
2023,03,10,9.0
2023,09,28,28.0
2023,15,3,3.0
2023,16,1,1.0
2023,96,209,34.0
2024,01,9177,49.0
2024,02,5,5.0
2024,09,5,5.0
2024,96,194,21.0
2025,01,3701,1.0
2025,96,67,0.0
