snapshot_year,n,defaults,default_rate,gini
1999,39055,151,0.003866342337728844,0.7220008702011267
2000,85593,752,0.00878576519107871,0.7267036687149706
2001,105470,1008,0.009557220062577036,0.7972307105371041
2002,115374,1147,0.009941581292145544,0.8171517918987377
2003,106135,952,0.00896970839025769,0.8753193813391418
2004,130559,963,0.007375975612558307,0.7942196240368302
2005,158440,1013,0.006393587477909619,0.8354436843260609
2006,189207,1555,0.008218512000084563,0.8215205330137343
2007,220238,3434,0.015592222958799118,0.7709641806861036
2008,247097,8131,0.03290610569938122,0.7435071337194166
2009,242515,6939,0.02861266313423912,0.7902622312598344
2010,241050,5377,0.022306575399294752,0.7887435350773004
2011,248019,4568,0.01841794378656474,0.7900615459530578
2012,235211,3374,0.014344567218369889,0.8185462465645674
2013,235610,2616,0.011103094096175884,0.8318630693302624
2014,258318,2157,0.008350173042528976,0.8157368856151017
2015,274114,1996,0.007281641944592396,0.8347865241503962
2016,281809,2100,0.007451855689491819,0.8056030085008414
2017,297882,2212,0.0074257591932375905,0.8483644832519712
2018,316053,1750,0.005537046001778183,0.8114363019124857
2019,322822,2668,0.008264616413999046,0.5811705307132038
2020,280455,3891,0.013873883510723646,0.9073495586406886
2021,250554,2025,0.008082090088364184,0.8589163686042252
2022,270658,1746,0.006450945473623539,0.802276551794713
2023,302576,2277,0.007525382052773518,0.7860539809259905
2024,327733,2597,0.007924133364659646,0.8045739343301277
