grade,pd_upper_bound,n,share,defaults,default_rate,mean_model_pd,sample
1,0.0005,64223,0.018812682823375847,6,9.342447409806455e-05,0.00038186817614473226,development years
2,0.001,231401,0.0677837163946249,58,0.0002506471449993734,0.0007641710724424984,development years
3,0.002,504801,0.147870094855783,320,0.0006339131657821598,0.0014922060942205964,development years
4,0.004,779772,0.22841666241921793,1285,0.0016479175964256218,0.0029290217455014717,development years
5,0.008,837684,0.24538067979099037,3828,0.004569742289455212,0.005724741048168714,development years
6,0.016,609828,0.17863539138336185,7938,0.013016785060705641,0.011160058876627178,development years
7,0.032,228584,0.06695853962752511,6675,0.029201518916459595,0.021124343724238454,development years
8,0.064,51071,0.014960100345244351,2848,0.05576550292729729,0.04423727289889199,development years
9,0.128,37287,0.010922387687202642,3521,0.09442969399522622,0.09077716065096099,development years
10,0.256,28755,0.008423130258414782,5457,0.1897756911841419,0.186028875850476,development years
11,1.0,40408,0.011836614414259242,16297,0.403311225499901,0.4341619423062673,development years
1,0.0005,86210,0.03639498415397598,21,0.00024359123071569422,0.00037377707606768573,out-of-time
2,0.001,244854,0.1033691851297719,137,0.0005595170999861142,0.0007560124370905009,out-of-time
3,0.002,478552,0.20202867946703998,443,0.0009257092228221802,0.0014855080750812756,out-of-time
4,0.004,664181,0.2803950466346355,1259,0.0018955676238856577,0.0029023296002937803,out-of-time
5,0.008,546148,0.23056545419006702,2042,0.003738913261606744,0.00558661209795152,out-of-time
6,0.016,222611,0.09397893304141919,1697,0.007623163275848902,0.0107119782049936,out-of-time
7,0.032,52185,0.022030764970133822,994,0.01904761904761905,0.0213735795300972,out-of-time
8,0.064,24141,0.010191524329673289,1091,0.04519282548361708,0.04531982495986612,out-of-time
9,0.128,18859,0.007961640252404978,1940,0.10286865687470173,0.09116745439813959,out-of-time
10,0.256,15697,0.006626749405694943,3372,0.2148181181117411,0.1825895279601255,out-of-time
11,1.0,15295,0.006457038425183421,6170,0.40339980385746976,0.3918152388575461,out-of-time
