feature,bin,share,bad_rate,woe,points
max_delinq_12m,"(-inf, 0]",0.9491272175117019,0.006282470079488341,0.8174860253802343,60.592607707650814
max_delinq_12m,"(0, 1]",0.03940383915536909,0.09762208067940552,-2.022274030547496,12.77155603255867
max_delinq_12m,"(1, inf)",0.011468943332928977,0.37551973156320667,-3.737595021826707,-16.114142810942838
delinq_bucket,"(-inf, 0]",0.9815864437407713,0.00819011254533135,0.5504000657850323,53.1216220548351
delinq_bucket,"(0, inf)",0.01841355625922874,0.3300318037255793,-3.5381625195847084,6.357706056083693
credit_score,"(-inf, 634]",0.05296386308211643,0.05189666474486049,-1.3409947631069778,33.34803079650755
credit_score,"(634, 657]",0.04937066798291664,0.040168774941326986,-1.0725362271287062,36.046291530651914
credit_score,"(657, 674]",0.05220381238418325,0.03107371794871795,-0.8063775850380945,38.721436168497995
credit_score,"(674, 687]",0.050111476891028725,0.025300923220754938,-0.5949158397016096,40.846825559212895
credit_score,"(687, 709]",0.1017794472586724,0.01861768803659424,-0.2813537361724907,43.998419560816224
credit_score,"(709, 728]",0.09858823824682197,0.014179763076609755,-0.004545528051366464,46.780602351690646
credit_score,"(728, 753]",0.1466228567365088,0.00969984679947849,0.37969425285877667,50.642573473406024
credit_score,"(753, inf)",0.4483596374177518,0.0039687944903355095,1.27911245631431,59.682572194680276
orig_interest_rate,"(-inf, 3.875]",0.11074695791485926,0.0014012955373836188,2.3227520702958264,72.04811591001295
orig_interest_rate,"(3.875, 5]",0.24632962859162646,0.004403251579685608,1.1747953033003926,59.58291696024737
orig_interest_rate,"(5, 5.375]",0.09670630754236331,0.008205407696732976,0.5485188716572029,52.78243410024026
orig_interest_rate,"(5.375, 5.625]",0.071899457465187,0.012421095499898187,0.12965638190504244,48.234175474595
orig_interest_rate,"(5.625, 5.75]",0.04514333041917821,0.015187034960758333,-0.07419409868428221,46.02064542746443
orig_interest_rate,"(5.75, 6]",0.10338948310696344,0.019327091913936383,-0.3194725986334766,43.357265248114054
orig_interest_rate,"(6, 6.125]",0.02982100952468596,0.022583495812935714,-0.47851023308795704,41.630339800247356
orig_interest_rate,"(6.125, inf)",0.29596382543513633,0.026464934844673094,-0.6410905373765685,39.86494593129948
orig_term_months,"(-inf, 180]",0.26909141105064355,0.0046961128435033216,1.1101092549596945,56.261548184990836
orig_term_months,"(180, 240]",0.059933992294918075,0.009317420435510888,0.42030462892291787,50.398624983221275
orig_term_months,"(240, inf)",0.6709745966544384,0.018322972073224558,-0.2650969528863378,44.57312500128175
orig_cltv,"(-inf, 34]",0.050036601230637946,0.003118233725411515,1.5211617077140795,73.24158339949692
orig_cltv,"(34, 50]",0.10457076168206707,0.0055122204888195525,0.9490565377807519,63.306856335366334
orig_cltv,"(50, 60]",0.1041558083015774,0.007927774520277271,0.583219819035106,56.95402447545034
orig_cltv,"(60, 64]",0.04744021450412653,0.010148837865481607,0.3339916497738503,52.626124696827354
orig_cltv,"(64, 68]",0.057430886419061085,0.011398729751777182,0.2165854240054076,50.587340798448835
orig_cltv,"(68, 80]",0.3914880178028386,0.014778240907444468,-0.046492875881813105,46.01893057733578
orig_cltv,"(80, 87]",0.04491786683844844,0.019537725130841295,-0.3305267870510516,41.08662174196423
orig_cltv,"(87, inf)",0.19995984322124294,0.023799761521243436,-0.5322115706186347,37.58432289371978
dti,"(-inf, 20]",0.13897800998063273,0.005878192297852488,0.8844067219500167,57.825691398377266
dti,"(20, 26]",0.13342006082078783,0.008411765812426714,0.5234727790040711,53.33674133377656
dti,"(26, 33]",0.18554146814856334,0.011876607727009363,0.17503311476676092,49.00318311943657
dti,"(33, 36]",0.08056579228069588,0.015088030819873003,-0.06755324062920594,45.98612679373362
dti,"(36, 45]",0.22003404960198775,0.018025930572982015,-0.24845014435966536,43.736304676536605
dti,"(45, 48]",0.04623132814362741,0.023597111887226074,-0.5234527683019619,40.316085906211605
dti,"(48, 53]",0.04710724788026587,0.027953399161753215,-0.6973387993043814,38.15345829704166
dti,"(53, inf)",0.039489590610006564,0.03188390445421323,-0.832953044245392,36.466818440950604
dti,MISSING,0.10863245253343261,0.010354254909510974,0.31374577039577695,50.72835803472588
channel,C,0.10493510078933169,0.005497068097472305,0.9518244316361321,50.233005272943394
channel,B,0.038673906041503704,0.010253636904439999,0.3236125109614715,47.984544751338525
channel,R,0.5567373453859443,0.010929762358250066,0.259072050299439,47.75354519041181
channel,T,0.29965364778322034,0.023553766885690317,-0.5215698102217836,44.95951606245588
months_on_book,"(-inf, 6]",0.16377147446489002,0.0058924644396028784,0.8819673266677097,55.24260850497169
months_on_book,"(6, 8]",0.04288492991387208,0.007676401162677279,0.615694686019425,52.701657720708866
months_on_book,"(8, 11]",0.05440155942157507,0.009326894982084366,0.4192787181825208,50.82732580924465
months_on_book,"(11, 23]",0.1949398275768312,0.012082939044565895,0.15760054866398232,48.330218526860115
months_on_book,"(23, 46]",0.2514165722006333,0.016206800167708188,-0.14021894326136233,45.48822668821668
months_on_book,"(46, 60]",0.09538699004028227,0.018681342776328196,-0.28483181537745145,44.10823439939854
months_on_book,"(60, 84]",0.09869323149128054,0.020068746582803183,-0.3578850268045932,43.41111202731862
months_on_book,"(84, inf)",0.09850541489063552,0.02154231602191176,-0.4302453856157283,42.720601316105316
multiple_borrowers,"(-inf, 0]",0.42010683376348495,0.0194290664330094,-0.3248389650788128,41.22296673044521
multiple_borrowers,"(0, inf)",0.5798931662365151,0.010267544777142198,0.32224299360741393,52.3848323240462
property_state,CO,0.021638647553155445,0.009162961531026484,0.4371769037706059,57.546120014847205
property_state,IA,0.01048301075448731,0.009377119827620605,0.4138575180785591,56.97431517437094
property_state,VA,0.02977959784659274,0.009987077199685357,0.35022228127523797,55.413942319377504
property_state,KS,0.00912688287187896,0.009991291993216921,0.34979608825464814,55.40349181972161
property_state,TX,0.0587108837419425,0.010266750263615378,0.322321180419782,54.72979117000965
property_state,WI,0.02337208183616871,0.010631062748326592,0.28708340122573156,53.8657404194076
property_state,KY,0.015134504293847228,0.011138442829109202,0.23994815855130291,52.70995697492974
property_state,MN,0.02950561149153152,0.011384096289890412,0.21788483088860527,52.16895140466521
property_state,OR,0.0177233616243417,0.011706396034930375,0.18964072366710413,51.476389540580904
property_state,OK,0.009146124661700054,0.011708209467185,0.18948399122473514,51.47254637033664
property_state,UT,0.011326303108385656,0.011855079957159212,0.1768691652551078,51.163223532829015
property_state,MO,0.02268732509840502,0.012168814646827812,0.15043157761596307,50.51495857498606
property_state,WA,0.026962767136696184,0.012287070650656241,0.14064081743404447,50.274883465894625
property_state,CA,0.1027854582264926,0.012371704609273894,0.13369069107425516,50.10446234301725
property_state,AR,0.006486156368823281,0.012382303624403457,0.1328236117921122,50.08320105692878
property_state,NC,0.033497027980072196,0.012487668427427915,0.12424361494693002,49.8728145659579
property_state,MA,0.02152068701555657,0.012536930492924895,0.12025663229205115,49.775051442560866
property_state,PA,0.03789628675286431,0.012693717161905604,0.10766941100713111,49.46640548790702
property_state,NY,0.04426741068253975,0.012718871365530536,0.10566426761640724,49.41723821086953
property_state,OTHER,0.05014201277487524,0.012747036397460604,0.10342375901418939,49.36229964255579
property_state,TN,0.016386057231775726,0.013299977024991704,0.06040001951265702,48.30733263668152
property_state,ID,0.0064777903732488925,0.013431486503939041,0.05042734654681204,48.06279692078992
property_state,IN,0.025712469098103846,0.013535277944980396,0.04262436812256071,47.871463371440015
property_state,CT,0.01108578073562199,0.013885744472115312,0.01670575152698547,47.235923884100394
property_state,OH,0.04185047456109896,0.014442922967745804,-0.023201230680519384,46.25738157186299
property_state,MD,0.023043716509873965,0.014685327379331627,-0.0400915409628612,45.84322138324864
property_state,NM,0.006085425180810079,0.014984877646411878,-0.060588279820046456,45.34062947764309
property_state,NH,0.005920615067994629,0.01533135509396637,-0.08379863827412506,44.77149804817505
property_state,NJ,0.02755256982469056,0.015470334608611162,-0.09296400165066498,44.54675803089334
property_state,IL,0.050309332686363006,0.015598107606987554,-0.10131909660873253,44.341886264426044
property_state,SC,0.015280909216399024,0.015767430401576743,-0.11228796301247179,44.072923308582205
property_state,AL,0.011730380694628612,0.016118104339763933,-0.1346410061145988,43.524813747980446
property_state,MI,0.041062397777991574,0.01684918249885397,-0.17974334296875366,42.418878331388726
property_state,LA,0.008357629578813953,0.017867867867867867,-0.23948189300349174,40.95405449237368
property_state,GA,0.03235465128438947,0.018242229921911362,-0.26059836157280136,40.43626645536659
property_state,AZ,0.02487252314243526,0.021560350481828427,-0.4311006314694399,36.25545206657509
property_state,FL,0.06062418692980511,0.024742979369350722,-0.5720444776220002,32.799427344068704
property_state,NV,0.009100948285598357,0.02808291584317691,-0.7020946557322985,29.610521670038423
loan_purpose,N,0.4019973814433852,0.010394088823727117,0.3098657942829171,49.92819167343728
loan_purpose,P,0.32263629252540127,0.014433997489965046,-0.02257400062807215,46.60031280856082
loan_purpose,C,0.2753663260312135,0.01917821537021931,-0.31158798057046433,43.70714679706801
balance_ratio,"(-inf, 0.56819]",0.05000020914988936,0.005864538366295218,0.8867459697442184,60.932282407065436
balance_ratio,"(0.56819, 0.728248]",0.04999979085011064,0.006968903464373259,0.7131003512361294,58.169998729854335
balance_ratio,"(0.728248, 0.805644]",0.05000020914988936,0.009244386440451093,0.4282476641702629,53.638678362245344
balance_ratio,"(0.805644, 0.851185]",0.04999979085011064,0.011612050430432274,0.1978281552197021,49.97325879131916
balance_ratio,"(0.851185, 0.880927]",0.05000020914988936,0.013444098651407154,0.04947600456177488,47.61333328463288
balance_ratio,"(0.880927, inf)",0.7499997908501106,0.015679553278021074,-0.10660976117223775,45.13038458350009
